Workbook

Sheet Deckblatt
A1: Projektplan Luftschiff-Simulator
A2: Eine App, in der man ein Luftschiff aus einer festen Auswahl wählt oder selbst auslegt (Baukasten nach den Stichpunkten des Nutzers) und es anschließend unter echtem oder gewähltem Wetter selbst fliegt. Schwerpunkt ist eine möglichst genaue Physik der Auslegung; die Umgebung bleibt schlicht wie beim Gasballon-Simulator.
A4: Version | B4: 0.2
A5: Stand | B5: 14.10.2026
A6: Status | B6: Build 2026-10-14.6 im Repository (Zweig main). Phasen 1–3 (Rechenkern, feste Modelle, Baukasten) umgesetzt, Phase 4 (Fahrt) weitgehend umgesetzt. Offen: neue Felder Träger/Kiel/Ballonets (Entwurf wartet auf Freigabe), Wetter ruhig/mittel/extrem und historisches Datum, Missionsplanung, Aufgaben und Szenarien.
A7: Plattform | B7: Web-App für Android und iOS (wie der Gasballon-Simulator), Hochformat am Handy
A8: Repository | B8: github.com/DerFink/Luftschiff_Simulator (öffentlich); Ordner app/ für die App, werkstatt/ für Werkzeuge
A9: Fachliche Grundlage | B9: Burgess, Airship Design (1927), als PDF beim Nutzer; Gertler, Series 58 (Rumpfformen); für Halbstarre und Blimps ergänzend Blakemore/Pagon, Pressure Airships (1927), noch nicht beschafft
A10: Verwandtes Projekt | B10: Gasballon-Simulator (derfink/Bo-Twins, Ordner spiel/). Dessen Stand wird nicht verändert; Verbesserungen sollen in beide einfließen, ohne doppelt zu entwickeln (gemeinsamer Kern geplant).
A11: Arbeitsweise | B11: Erst prüfen und fragen, erst nach Freigabe bauen. Darstellungen vorab als Bild. Code ausführlich kommentiert, damit erkennbar ist, wofür jeder Abschnitt zuständig ist. Projektplan nur auf Aufforderung anlegen oder fortschreiben.
A12: Verantwortlich | B12: Nutzer (Projektinhaber); Umsetzung Claude

Sheet Ziele
A1: Ziele und Rahmen
A2: Was die App erreichen soll und unter welchen Bedingungen.
A3: Kategorie | B3: Nr. | C3: Inhalt | D3: Quelle
A4: Ziel | B4: Z-01 | C4: Ein Luftschiff aus einer festen Auswahl wählen oder selbst bauen, speichern und anschließend fliegen. | D4: Nutzer 13.10.2026 (Version 0.1)
A5: Ziel | B5: Z-02 | C5: Die physikalischen Grundlagen der Auslegung möglichst genau bestimmen (Auftrieb, Massen, Widerstand, Leistung, Festigkeit im Überschlag). Die Umgebung bleibt schlicht. | D5: Nutzer 13.10.2026 (Version 0.1)
A6: Ziel | B6: Z-03 | C6: Abschätzen lassen, wie lange und wie weit ein Luftschiff unter realen Wetterbedingungen unterwegs sein kann. Die Abschätzung macht der Nutzer selbst durch Fliegen; die App liefert Eckdaten und Auswertung. | D6: Nutzer 13.10.2026 (Version 0.1)
A7: Ziel | B7: Z-04 | C7: Erkenntnis, ob ein kleines bemanntes Elektroluftschiff sinnvoll ist. | D7: Nutzer 12.10.2026
A8: Ziel | B8: Z-05 | C8: Spielerisch zu guten Ergebnissen führen: einfache Oberfläche, zu jeder Entscheidung ein Vorschlag, von dem man frei abweichen kann; die Folgen sind sofort an den Eckdaten sichtbar. | D8: Nutzer 13.10.2026 (Version 0.1)
A9: Ziel | B9: Z-06 | C9: Größenbereich vom RC-Blimp (ab 0,25 m³) bis zum großen Starrluftschiff (rund 200.000 m³); auch autonome Luftschiffe (Drohnen). | D9: Nutzer 13.10.2026 (Version 0.1)
A10: Ziel | B10: Z-07 | C10: Freie Fahrt ist der Schwerpunkt; dazu historische Szenarien, Aufgaben und Missionsplanung wie in iNav oder ArduPilot. | D10: Nutzer 13.10.2026 (Version 0.1)
A11: Rahmen | B11: R-01 | C11: Web-App in einer Datei wie der Gasballon-Simulator, Karte mit Leaflet und OpenStreetMap, Wetter von Open-Meteo, 3D-Vorschau mit Three.js. | D11: Vorschlag Claude, vom Nutzer angenommen
A12: Rahmen | B12: R-02 | C12: Nicht kommerziell, privater Gebrauch (wie Gasballon-Simulator). | D12: Annahme, zu bestätigen

Sheet Fahrplan
A1: Fahrplan
A2: Phasen in der vorgesehenen Reihenfolge. Status per Auswahlliste.
A3: Phase | B3: Titel | C3: Inhalt | D3: Ergebnis / Abnahme | E3: Voraussetzung | F3: Anforderungen | G3: Status
A4: 1 | B4: Rechenkern Auslegung | C4: Gertler-Rumpf (Polynom 6. Grades, L/D, m, Cp, r0, r1, spitzes Heck), Volumen, Oberfläche, Auftriebsschwerpunkt; Normatmosphäre; Traggas He/H₂ mit Reinheit und Füllgrad; Massen nach Bauteilen; Widerstand mit Größenkorrektur; Leistung nach Burgess; statische Gipfelhöhe, Ballonet; Leitwerk im Überschlag nach Burgess. | D4: Prüftabelle: C-7 und USS Los Angeles nachgerechnet, Abweichungen zu Burgess-Daten benannt. Node-Tests des Kerns. | E4: - | F4: FOR-*, MAS-*, ANT-01..03, AER-* | G4: Getestet
A5: 2 | B5: Feste Modelle | C5: Die 9 festen Luftschiffe mit dem Nutzer auslegen und als Speicher-Code ablegen; Annahmen (v. a. LZ 120) festhalten. | D5: Alle Modelle im Kern rechenbar; Eckdaten plausibel gegen Quellen. | E5: Phase 1 | F5: MOD-* | G5: Getestet
A6: 3 | B6: Baukasten-Oberfläche | C6: Auswahl, Schritte nach den Stichpunkten des Nutzers, Vorschläge, Eckdaten-Leiste, 3D-Vorschau (Three.js), Ergebnis mit Massenbalken, Speicher-Code laden/speichern/teilen. | D6: Ein Luftschiff lässt sich am Handy bauen, speichern und wieder laden. | E6: Phase 1, Entwurf als Bild | F6: BAU-*, VOR-*, SPE-* | G6: Umgesetzt
A7: 4 | B7: Fahrt Grundlagen | C7: Karte, Ort (Wunschort, GPS, Flughafen Friedrichshafen), echtes Wetter, Flugphysik (statisch und dynamisch), Bedienung (Schub, Ruder, Höhenruder, Trimm, Ballast, Gas), Zeitraffer, Seitenansicht unter 100 m, Landung, Auswertung. | D7: Freie Fahrt mit einem festen Modell vom Start bis zur Landung. | E7: Phase 3 | F7: FAH-*, STE-*, ANZ-* | G7: Teilweise
A8: 5 | B8: Wetter und Szenarien | C8: Wetter ruhig/mittel/extrem je Ort aus dem Archiv; historisches Datum mit Wetter entlang der Fahrt; Szenarien Windstill, Böig, Thermik, Front, Halle. | D8: Gleiches Modell bei drei Wetterlagen fliegbar; Herkunft der Daten sichtbar. | E8: Phase 4 | F8: MET-* | G8: Offen
A9: 6 | B9: Assistenten und Mission | C9: Höhe halten, Kurs halten, Tempomat, Position halten; Missionsplanung mit Wegpunkten, Aktionen und Failsafe (Rückkehr bei knapper Energie). | D9: Stadion-Aufgabe: 90 min Position halten mit 1 kg Kamera und Rückkehr. | E9: Phase 4 | F9: AUT-* | G9: Teilweise
A10: 7 | B10: Aufgaben und historische Szenarien | C10: LZ 129 Frankfurt–Lakehurst, LZ 120 Friedrichshafen–Berlin-Staaken, Zeppelin NT Sehenswürdigkeiten am Bodensee in 1 h; Ausdauer, Zurück zum Start, A nach B. | D10: Jede Aufgabe einmal vollständig gefahren und gewertet. | E10: Phase 5, 6 | F10: AUF-* | G10: Offen
A11: 8 | B11: Gemeinsamer Kern mit Gasballon | C11: Atmosphäre, Wetter, Gelände, Karte als gemeinsam genutzte Teile herauslösen, ohne den Gasballon-Stand zu verändern. | D11: Beide Apps nutzen dieselben Grundbausteine. | E11: Phase 4 | F11: NFA-04 | G11: Offen

Sheet Anforderungen
A1: Anforderungen
A2: Stand 14.10.2026 (Build 2026-10-14.6). Priorität und Status per Auswahlliste. Spalte I zählt automatisch die Testfälle (Blatt Tests), die die Anforderung nennen.
A3: ID | B3: Bereich | C3: Titel | D3: Beschreibung | E3: Akzeptanz | F3: Prio | G3: Status | H3: Quelle | I3: Testfälle
A4: BAU-01 | B4: Baukasten | C4: Ablauf nach den Stichpunkten des Nutzers | D4: Die Entscheidungen folgen der Reihenfolge der Stichpunkte: Form (L/D, Gertler), Bauweise (starr, halbstarr mit Kiel, Blimp/Prall) mit Leitwerk, Traggas (He/H₂), Volumen ⇒ L und D, Hüllengewicht, Gondel (Korb, fest am Rumpf, im Rumpf), Pax, Antriebsart, Höchstgeschwindigkeit, Ballast, Schlepptau. | E4: Alle Schritte sind in dieser Reihenfolge erreichbar; jeder Schritt lässt sich später wieder öffnen. | F4: Muss | G4: Umgesetzt | H4: Nutzer 13.10.2026 (Version 0.1) | I4: =COUNTIF(Tests!$C$4:$C$300,"*"&A4&"*")
A5: BAU-02 | B5: Baukasten | C5: Vorschlag zu jeder Entscheidung | D5: Zu jedem Schritt schlägt die App einen plausiblen Wert vor (z. B. Elektroantrieb: Zahl, Leistung und Lage der Motoren, Propellerdurchmesser und Akku nach der Leistungsgleichung von Burgess). Der Vorschlag ist auf dem Regler markiert und mit einem Knopf wiederherstellbar. | E5: Bei jedem Schritt erscheint ein Vorschlag; „Vorschlag“ setzt den Wert zurück. | F5: Muss | G5: Umgesetzt | H5: Nutzer 13.10.2026 (Version 0.1) | I5: =COUNTIF(Tests!$C$4:$C$300,"*"&A5&"*")
A6: BAU-03 | B6: Baukasten | C6: Freie Abweichung ohne Sperre | D6: Der Nutzer kann jeden Wert frei ändern, auch unsinnig (z. B. viel zu kleiner Antrieb). Die App sperrt nichts, sondern zeigt Folgen und Warnungen. | E6: Ein Antrieb mit 10 % des Vorschlags lässt sich bauen und fliegen; die Eckdaten zeigen die Folgen. | F6: Muss | G6: Umgesetzt | H6: Nutzer 13.10.2026 (Version 0.1) | I6: =COUNTIF(Tests!$C$4:$C$300,"*"&A6&"*")
A7: BAU-04 | B7: Baukasten | C7: Eckdaten immer sichtbar | D7: Während des gesamten Baukastens sind die Eckdaten sichtbar: Volumen, Leermasse, freie Nutzlast, Gipfelhöhe, Höchst- und Reisegeschwindigkeit, Fahrdauer, Reichweite. Die Änderung durch die letzte Entscheidung wird farbig gezeigt (grün besser, rot schlechter). | E7: Jede Änderung aktualisiert die Eckdaten sofort (unter 0,1 s). | F7: Muss | G7: Umgesetzt | H7: Nutzer 13.10.2026 (Version 0.1) | I7: =COUNTIF(Tests!$C$4:$C$300,"*"&A7&"*")
A8: BAU-05 | B8: Baukasten | C8: Einfache Oberfläche | D8: Die App wirkt nicht kompliziert: ein Schritt pro Bildschirm, große Vorschau, Details nur auf Wunsch. | E8: Abnahme durch den Nutzer am Handy. | F8: Soll | G8: Umgesetzt | H8: Nutzer 13.10.2026 (Version 0.1) | I8: =COUNTIF(Tests!$C$4:$C$300,"*"&A8&"*")
A9: BAU-06 | B9: Baukasten | C9: Warnungen aus der Physik | D9: Beispiele: Nase beult ein (Staudruck größer als Innendruck), Ballonet zu klein für die Gipfelhöhe, Hülle überlastet, Leitwerk zu klein, H₂-Austritt am Appendix nahe den Motoren. | E9: Jede Warnung nennt den Grenzwert (z. B. „ab 33 km/h“) und eine Abhilfe. | F9: Muss | G9: Teilweise | H9: Nutzer 13.10.2026 (Version 0.1) | I9: =COUNTIF(Tests!$C$4:$C$300,"*"&A9&"*")
A10: BAU-07 | B10: Baukasten | C10: Einheiten passend zur Größe | D10: Die Anzeige schaltet je nach Größe um: g, W, Wh bei RC-Blimps; kg, kW, kWh bei kleinen; t, MW bei großen Schiffen. | E10: RC-Blimp zeigt Gramm, LZ 129 Tonnen. | F10: Muss | G10: Umgesetzt | H10: Nutzer 13.10.2026 (Version 0.1) | I10: =COUNTIF(Tests!$C$4:$C$300,"*"&A10&"*")
A11: BAU-08 | B11: Baukasten | C11: Schrittleiste seitlich scrollbar | D11: Die Leiste der Auslegungsschritte lässt sich nach rechts und links scrollen (Pfeile und Wischen). | E11: Alle Schritte am Handy erreichbar. | F11: Muss | G11: Getestet | H11: Nutzer 13.10.2026 | I11: =COUNTIF(Tests!$C$4:$C$300,"*"&A11&"*")
A12: BAU-09 | B12: Baukasten | C12: Einheit immer angeben: kg oder Anzahl | D12: Bei jedem Wert steht, ob es sich um eine Masse (kg, t, g) oder eine Anzahl (Stück) handelt. | E12: Kein Wert ohne Einheit. | F12: Muss | G12: Umgesetzt | H12: Nutzer 13.10.2026 | I12: =COUNTIF(Tests!$C$4:$C$300,"*"&A12&"*")
A13: BAU-10 | B13: Baukasten | C13: Rechenweg mit Quellen | D13: Das Ergebnis zeigt den Rechenweg (Formeln, Zwischenwerte, Quellen wie Burgess, Jones, Gertler), damit jeder nachlesen kann, wie die Zahlen entstehen. | E13: Rechenweg für jedes Modell abrufbar. | F13: Muss | G13: Umgesetzt | H13: Nutzer 13.10.2026 | I13: =COUNTIF(Tests!$C$4:$C$300,"*"&A13&"*")
A14: BAU-11 | B14: Baukasten | C14: Erbauer und eingetragene Luftschiffe | D14: Ein Benutzername wird als Erbauer im Speicher-Code geführt; eigene Luftschiffe erscheinen als eingetragene Luftschiffe in der Auswahl. | E14: Erbauer nach Laden des Codes sichtbar. | F14: Muss | G14: Umgesetzt | H14: Nutzer 14.10.2026 | I14: =COUNTIF(Tests!$C$4:$C$300,"*"&A14&"*")
A15: BAU-12 | B15: Baukasten | C15: Auswahlseite mit Seitenbild aus dem 3D-Modell | D15: Die Karten der Auswahl zeigen das Luftschiff als Seitenbild aus dem 3D-Modell, gleich wie in der Seitenansicht der Fahrt. | E15: Alle Karten mit Bild. | F15: Muss | G15: Umgesetzt | H15: Nutzer 14.10.2026 | I15: =COUNTIF(Tests!$C$4:$C$300,"*"&A15&"*")
... A93: NFA-05 | B93: Nichtfunktional | C93: Größenbereich | D93: Rechnung stimmt von 0,25 m³ bis rund 200.000 m³. | E93: RC-Blimp und LZ 129 liefern plausible Werte. | F93: Muss | G93: Getestet | H93: Nutzer 13.10.2026 (Version 0.1) | I93: =COUNTIF(Tests!$C$4:$C$300,"*"&A93&"*")

Sheet Parameter
A1: Parameter
A2: Vorgaben und Kennwerte mit Quelle. Blau = vom Nutzer vorgegeben oder änderbar.
A3: Parameter | B3: Wert | C3: Einheit | D3: Quelle
A4: Volumenbereich, kleinstes Schiff | B4: 0.25 | C4: m³ | D4: Nutzer 13.10.2026 (Version 0.1) (RC-Blimp)
A5: Volumenbereich, größtes Schiff | B5: 200000 | C5: m³ | D5: LZ 129, rund
A6: Flächengewicht Folie Tritax (Vorschlag kleine Modelle) | B6: 27 | C6: g/m² | D6: Nutzer 13.10.2026 (Version 0.1)
A7: Flächengewicht gummierter Baumwollstoff 1927 | B7: 475 | C7: g/m² | D7: Burgess, Airship Design (1927): 14 oz/yd², Reißfestigkeit rund 80 lb/in
A8: Grenze runde Prallhülle mit Stoff von 1927 | B8: 5700 | C8: m³ | D8: Burgess, Airship Design (1927): rund 200.000 ft³
A9: Untere Grenze sinnvoller Starrluftschiffe | B9: 28300 | C9: m³ | D9: Burgess, Airship Design (1927): rund 1 Mio. ft³
A10: Gesamtwirkungsgrad K, Starr | B10: 63.5 | C10: - | D10: Burgess, Airship Design (1927), Kap. II Aufgabe 1
A11: Gesamtwirkungsgrad K, Blimp | B11: 40 | C11: - | D11: Burgess, Airship Design (1927), Kap. II Aufgabe 4
A12: Feste Massen ohne Antrieb, Starr | B12: 0.3 | C12: × D | D12: Burgess, Airship Design (1927), Kap. II (D = Masse der verdrängten Luft)
A13: Feste Massen ohne Antrieb, Blimp | B13: 0.4 | C13: × D | D13: Burgess, Airship Design (1927), Kap. II
A14: Besatzung, Vorräte, Ballast, Starr | B14: 0.055 | C14: × D | D14: Burgess, Airship Design (1927), Kap. II
A15: Besatzung, Vorräte, Ballast, Blimp | B15: 0.1 | C15: × D | D15: Burgess, Airship Design (1927), Kap. II
A16: Triebwerksmasse 1927, Starr / Blimp | B16: 8 / 6 | C16: lb/PS | D16: Burgess, Airship Design (1927), Kap. II
A17: Kraftstoff 1927 | B17: 0.6 | C17: lb/(PS·h) | D17: Burgess, Airship Design (1927), Kap. II
A18: Luftdichte Meereshöhe (Normatmosphäre) | B18: 1.225 | C18: kg/m³ | D18: ISA
A19: Druckzunahme in H₂-Gassäule über Appendix | B19: 11.2 | C19: Pa/m | D19: Rechnung Claude: g·(ρLuft − ρH₂)
A20: Nase beult ein, kleines H₂-Schiff (Ø ≈ 10 m) | B20: 33 | C20: km/h | D20: Überschlag Claude, zu prüfen
A21: Seitenansicht automatisch unter | B21: 100 | C21: m über Grund | D21: Nutzer 13.10.2026 (Version 0.1)
A22: Zeitraffer-Stufen | B22: 1, 5, 10, 50, 100, 500, 1000, Boost | C22: × | D22: Nutzer 13.10.2026 (Version 0.1); Boost Nutzer 14.10.2026
A23: Boost (Zeitraffer) | B23: 28800 | C23: × | D23: Festlegung Claude, Build 2026-10-14.4
A24: Drosselung bei Eingabe über ×10 | B24: 10 | C24: × | D24: Nutzer 14.10.2026
A25: Schubkennlinie: Schub = (e^(4,5·p) − 1)/(e^4,5 − 1) | B25: 4.5 | C25: - | D25: Festlegung Claude nach Wunsch Nutzer 14.10.2026 (erste 10 % fein)
A26: Höchstzahl laufender gespeicherter Fahrten | B26: 10 | C26: Anzahl | D26: Festlegung Claude nach Wunsch Nutzer 14.10.2026
A27: CO₂ je kg Kraftstoff | B27: 3.18 | C27: kg/kg | D27: Emissionsfaktor nach EBeV
A28: CO₂ je kWh Strom (Strommix DE) | B28: 363 | C28: g/kWh | D28: Umweltbundesamt 2024
A29: Vergleich A320 Berlin–Hamburg | B29: 5.7 | C29: t CO₂ | D29: Abschätzung Claude (Vergleichswert im Fahrtbericht)
A30: Gondelleinen Blimp, Angriff an der Hülle | B30: 25 bis 75 | C30: % der Länge | D30: Nutzer 14.10.2026
A31: Standardort | B31: Flughafen Friedrichshafen (EDNY), 47,671° N 9,511° O | C31: - | D31: Nutzer 13.10.2026 (Version 0.1)
A32: Wetterarchiv Open-Meteo verfügbar ab | B32: 1940 | C32: Jahr | D32: open-meteo.com, Historical Weather API
A33: Ersatzjahr für Szenarien vor 1940 | B33: 2025 | C33: Jahr | D33: Nutzer 13.10.2026 (Version 0.1)
A34: Wind im Archiv nur in | B34: 10 und 100 | C34: m | D34: open-meteo.com, Historical Weather API
A35: Flossenzahl Leitwerk | B35: 1 bis 6 | C35: Stück | D35: Nutzer 13.10.2026 (Version 0.1)
A36: Masse Kamera (Stadion-Aufgabe) | B36: 1 | C36: kg | D36: Nutzer 13.10.2026 (Version 0.1)
A37: Dauer Position halten (Stadion-Aufgabe) | B37: 90 | C37: min | D37: Nutzer 13.10.2026 (Version 0.1)

Sheet Modelle
A1: Feste Auswahl
A2: Die festen Luftschiffe der App (Stand 14.10.2026). Volumen gerundet.
A3: Bauart | B3: Name | C3: Gas | D3: Volumen m³ | E3: Jahr | F3: Datenlage | G3: Bemerkung
A4: Starr | B4: USS Los Angeles (LZ 126) | C4: He | D4: ≈ 78.000 (Luftvolumen) | E4: 1924 | F4: Burgess Abb. 1, umfangreich | G4: Prüfschiff Phase 1; Bezug für die Widerstandsschätzung großer Schiffe (Nutzer 13.10.)
A5: Starr | B5: LZ 120 „Bodensee“ (kurz) | C5: H₂ | D5: ≈ 21.500 (Gas 20.000) | E5: 1919 | F5: Windkanalmodell und Foto 1919 (Nutzer); Annahmen im Rechenweg | G5: Lieblingszeppelin des Nutzers; 3 Motorgondeln (hinten 2 Motoren hintereinander auf einen Propeller); Szenario Friedrichshafen → Staaken
A6: Starr | B6: LZ 129 „Hindenburg“ | C6: H₂ | D6: ≈ 200.000 | E6: 1936 | F6: Wikipedia und Literatur | G6: Szenario Frankfurt → Lakehurst; LZ 129 statt LZ 127 (Nutzer 13.10.)
A7: Halbstarr | B7: N-1 „Norge“ | C7: H₂ | D7: ≈ 19.000 | E7: 1926 | F7: Burgess Abb. 2; Blakemore/Pagon
A8: Halbstarr | B8: Zeppelin NT 07 | C8: He | D8: ≈ 8.425 | E8: 1997 | F8: Herstellerdaten | G8: Bezug für den Widerstand kleiner Schiffe; Heckmotor; Szenario Sehenswürdigkeiten Bodensee
A9: Blimp | B9: US Navy C-7 | C9: H₂ | D9: ≈ 5.125 | E9: 1921 | F9: Burgess Abb. 3, Druckmessungen | G9: Prüfschiff Phase 1; mit Wasserstoff (Nutzer 13.10.)
A10: Blimp | B10: Skyship 600 | C10: He | D10: ≈ 7.200 | E10: 1984 | F10: Herstellerdaten | G10: Skyship 600 statt GZ-20 (Nutzer 13.10.)
A11: Klein | B11: LuffiHopper | C11: H₂ | D11: 2.000 | E11: neu | F11: Vorgabe Nutzer: unten offen mit kurzem Appendix, länglicher Korb, 2 E-Antriebe an der Gondel, Hülle 300 g/m² | G11: Name vom Nutzer (13.10.)
A12: Klein | B12: RC-Blimp | C12: He | D12: ≈ 0,5 | E12: neu | F12: Tritax 27 g/m²

Sheet Schnittstellen
A1: Schnittstellen
A2: Externe Dienste und Datenwege.
A3: ID | B3: Von | C3: Nach | D3: Medium | E3: Inhalt | F3: Richtung | G3: Status | H3: Anmerkung
A4: IF-01 | B4: App | C4: Open-Meteo Vorhersage | D4: HTTPS, JSON | E4: Wetter für den Ort des Schiffs mit Druckflächen | F4: Server zu App | G4: Offen | H4: CC BY 4.0; wie beim Gasballon
A5: IF-02 | B5: App | C5: Open-Meteo Archiv | D5: HTTPS, JSON | E5: Historisches Wetter ab 1940 (Wind 10 m und 100 m, Temperatur, Druck) | F5: Server zu App | G5: Offen | H5: Für ruhig/mittel/extrem und historisches Datum
A6: IF-03 | B6: App | C6: Open-Meteo Höhenmodell | D6: HTTPS, JSON | E6: Geländehöhen | F6: Server zu App | G6: Offen | H6: Wie beim Gasballon
A7: IF-04 | B7: App | C7: OpenStreetMap (Leaflet) | D7: HTTPS, Kacheln | E7: Kartenbild | F7: Server zu App | G7: Offen | H7: Namensnennung nötig
A8: IF-05 | B8: App | C8: Three.js | D8: Bibliothek | E8: 3D-Vorschau | F8: eingebunden | G8: Offen | H8: Fest eingebunden für Start ohne Netz
A9: IF-06 | B9: Nutzer | C9: App | D9: Text / QR | E9: Speicher-Code eines Luftschiffs | F9: beide | G9: Offen | H9: SPE-01

Sheet Risiken
A1: Risiken
A2: Wahrscheinlichkeit (W) und Schaden (S) je 1 bis 5; Wert = W × S (Formel); Stufe ab 15 hoch, ab 8 mittel.
A3: ID | B3: Kategorie | C3: Risiko | D3: Ursache | E3: Auswirkung | F3: W | G3: S | H3: Wert | I3: Stufe | J3: Maßnahme | K3: Verantwortlich | L3: Status
A4: R-01 | B4: Fachlich | C4: Massenmodell weicht stark ab | D4: Gerüst- und Hüllenmassen aus 1927 passen nicht zu modernen Werkstoffen | E4: Falsche Eckdaten, falsche Schlüsse zum E-Luftschiff | F4: 3 | G4: 4 | H4: =F4*G4 | I4: =IF(H4>=15,"hoch",IF(H4>=8,"mittel","niedrig")) | J4: Bauteilrechnung mit änderbaren Kennwerten; Abgleich an echten Schiffen | K4: Claude | L4: Offen
A5: R-02 | B5: Fachlich | C5: Widerstand kleiner Schiffe falsch | D5: Burgess-Beiwerte gelten für große Schiffe | E5: RC-Blimp zu schnell | F5: 3 | G5: 3 | H5: =F5*G5 | I5: =IF(H5>=15,"hoch",IF(H5>=8,"mittel","niedrig")) | J5: Reynolds-Korrektur; Abgleich mit Messwerten von RC-Blimps | K5: Claude | L5: Offen
A6: R-03 | B6: Daten | C6: Wenige Daten zu LZ 120 und Norge | D6: Historische Quellen lückenhaft | E6: Modell ungenau | F6: 4 | G6: 2 | H6: =F6*G6 | I6: =IF(H6>=15,"hoch",IF(H6>=8,"mittel","niedrig")) | J6: Annahmen gemeinsam festlegen und dokumentieren (MOD-02) | K6: Nutzer, Claude | L6: Offen
A7: R-04 | B7: Daten | C7: Archivwetter ohne Höhenwind | D7: Archiv nur 10 m und 100 m | E7: Ungenaue Winde in größerer Höhe | F7: 5 | G7: 2 | H7: =F7*G7 | I7: =IF(H7>=15,"hoch",IF(H7>=8,"mittel","niedrig")) | J7: Windprofil hochrechnen, Hinweis anzeigen (MET-07) | K7: Claude | L7: Offen
A8: R-05 | B8: Technik | C8: Rechenaufwand am Handy | D8: 3D-Vorschau, Physik und Zeitraffer ×1000 | E8: Ruckeln, Akkuverbrauch | F8: 3 | G8: 3 | H8: =F8*G8 | I8: =IF(H8>=15,"hoch",IF(H8>=8,"mittel","niedrig")) | J8: Einfache Geometrie, Physik mit festen Schritten, Messung am Handy | K8: Claude | L8: Offen
A9: R-06 | B9: Umfang | C9: Projekt wird zu groß | D9: Viele Wünsche (Mission, Szenarien, Wetterarchiv) | E9: Lange bis zur ersten nutzbaren Fassung | F9: 4 | G9: 3 | H9: =F9*G9 | I9: =IF(H9>=15,"hoch",IF(H9>=8,"mittel","niedrig")) | J9: Phasen strikt nacheinander; Freie Fahrt zuerst | K9: Nutzer, Claude | L9: Offen
A10: R-07 | B10: Sicherheit | C10: Falscher Eindruck der Machbarkeit | D10: Simulation wird als Bauentscheid genommen | E10: Fehlentscheidung beim echten Bau | F10: 2 | G10: 5 | H10: =F10*G10 | I10: =IF(H10>=15,"hoch",IF(H10>=8,"mittel","niedrig")) | J10: Hinweis in der App: Abschätzung, kein Nachweis | K10: Claude | L10: Offen

Sheet Tests
A1: Tests
A2: Testfälle; Spalte C nennt die geprüften Anforderungen.
A3: ID | B3: Art | C3: Anforderungen | D3: Titel | E3: Umgebung | F3: Ablauf | G3: Erwartung | H3: Status
A4: T-01 | B4: Kern | C4: FOR-01, FOR-04, FOR-05 | D4: Gertler-Kontur | E4: Node | F4: Kontur für Ellipsoid (m 0,5, r0 0,5, r1 0,5, Cp 2/3) und für ein spitzes Heck rechnen | G4: Ellipsoid: Volumen und Oberfläche wie geschlossene Formel; spitzes Heck: Radius → 0 | H4: Getestet
A5: T-02 | B5: Kern | C5: GAS-01, GAS-02 | D5: Auftrieb und Ballonet | E5: Node | F5: Auftrieb je m³ He/H₂; Burgess-Beispiel Ballonet 20 % | G5: Werte wie Burgess (7.500 ft) | H5: Getestet
A6: T-03 | B6: Kern | C6: ANT-02, AER-01, MAS-01 | D6: Prüfung C-7 | E6: Node | F6: C-7 mit Burgess-Daten rechnen | G6: Höchstgeschwindigkeit und Leermasse innerhalb 10 % | H6: Getestet
A7: T-04 | B7: Kern | C7: ANT-02, AER-01, MAS-04 | D7: Prüfung USS Los Angeles | E7: Node | F7: Los Angeles mit Burgess-Daten rechnen | G7: Höchstgeschwindigkeit und Leermasse innerhalb 10 % | H7: Getestet
A8: T-05 | B8: Kern | C8: ANT-02 | D8: Burgess Kap. II Aufgaben 1 und 4 | E8: Node | F8: Größenbestimmung nachrechnen | G8: Volumen und Leistung wie im Buch | H8: Getestet
A9: T-06 | B9: Kern | C9: GAS-03, BAU-06 | D9: Offener Appendix | E9: Node | F9: Kleines H₂-Schiff 2.000 m³ | G9: Grenzgeschwindigkeit Nase ≈ 30–35 km/h | H9: Getestet
A10: T-07 | B10: Software | C10: SPE-01, SPE-02 | D10: Speicher-Code | E10: Handy | F10: Schiff bauen, Code kopieren, in neuem Browser laden | G10: Gleiches Schiff, gleiche Eckdaten | H10: Getestet
A11: T-08 | B11: Software | C11: VOR-01, VOR-02, AER-03 | D11: 3D-Vorschau | E11: Handy | F11: Alle Bauweisen und Flossenzahlen 1 bis 6 ansehen, drehen, zoomen | G11: Striche nur bei Starr; Flossen richtig | H11: Teilweise
A12: T-09 | B12: Software | C12: BAU-01, BAU-02, BAU-03, BAU-04, BAU-05, BAU-06, BAU-07 | D12: Baukasten-Ablauf | E12: Handy | F12: Eigenes Schiff von Grund auf bauen; Antrieb viel zu klein wählen | G12: Eckdaten reagieren, Warnungen erscheinen, nichts gesperrt | H12: Teilweise
A13: T-10 | B13: Software | C13: FAH-01, FAH-02, FAH-03, FAH-04, FAH-05, FAH-06, ANZ-01, ANZ-03 | D13: Freie Fahrt | E13: Handy | F13: Kleines H₂-Schiff in Friedrichshafen starten, fahren, unter 100 m landen | G13: Seitenansicht ab 100 m; Auswertung erscheint | H13: Getestet
A14: T-11 | B14: Software | C14: AUT-01, AUT-02 | D14: Stadion-Aufgabe | E14: Handy | F14: 90 min Position halten mit 1 kg Kamera, dann zurück | G14: Ergebnis „geschafft“ oder „Energie reicht nicht“ nachvollziehbar | H14: Offen
... A20: T-17 | B20: Software | C20: FAH-08, FAH-12, ANZ-04, ANZ-05 | D20: Fahrt am Handy | E20: Handy | F20: Feinfühliger Schub, kleine Konsole, Anzeigen ablesen | G20: Abnahme durch den Nutzer | H20: Offen

Sheet Offene_Punkte
A1: Offene Punkte
A2: Fragen, die vor oder während der Umsetzung zu klären sind.
A3: ID | B3: Thema | C3: Frage | D3: Optionen | E3: Zuständig | F3: Phase | G3: Prio | H3: Entscheidung | I3: Entschieden am | J3: Status
A4: OP-01 | B4: Modelle | C4: Welche Annahmen gelten für LZ 120 „Bodensee“ (kurz)? Gerüst, Gaszellen, Motoren, Leermasse. | D4: Gemeinsam aus Quellen und Burgess ableiten | E4: Nutzer, Claude | F4: 2 | G4: Muss | H4: Form nach Windkanalmodell, Gondellage nach Foto 1919, 3 Motorgondeln; Annahmen im Rechenweg | I4: 13.10.2026 | J4: Entschieden
A5: OP-02 | B5: Modelle | C5: LZ 129 oder LZ 127 als drittes Starrschiff? Goodyear GZ-20 oder Skyship 600? | D5: Je eines / beide | E5: Nutzer | F5: 2 | G5: Soll | H5: LZ 129 und Skyship 600 | I5: 13.10.2026 | J5: Entschieden
A6: OP-03 | B6: Modelle | C6: Name für das kleine H₂-Luftschiff? | E6: Nutzer | F6: 2 | G6: Kann | H6: LuffiHopper | I6: 13.10.2026 | J6: Entschieden
A7: OP-04 | B7: Form | C7: Welche drei Gertler-Formen werden fest vorgegeben (m, Cp, r0, r1)? | D7: Vorschlag Claude nach Phase 1 | E7: Nutzer | F7: 1 | G7: Muss | H7: Form der USS Albacore und zwei weitere nach Wahl von Claude (Zeppelin, Blimp) | I7: 13.10.2026 | J7: Entschieden
A8: OP-05 | B8: Quellen | C8: „Pressure Airships“ (Blakemore/Pagon, 1927) für Halbstarre und Blimps beschaffen? | D8: Frei verfügbare Kopie suchen / ohne | E8: Nutzer | F8: 2 | G8: Soll | J8: Offen
A9: OP-06 | B9: Leitwerk | C9: Genaue Leitwerksauslegung mit AirshipLAB (Alex)? | D9: Screenshots als Gegenprobe / Code von Alex / nur Burgess | E9: Nutzer | F9: später | G9: Kann | H9: Vorerst nur Überschlag nach Burgess | I9: 13.10.2026 | J9: Zurückgestellt
A10: OP-07 | B10: Technik | C10: Wie werden gemeinsame Teile mit dem Gasballon geteilt (Kopie oder gemeinsames Modul)? | D10: Kopie mit Abgleich / gemeinsames Modul | E10: Nutzer, Claude | F10: 8 | G10: Soll | J10: Offen
A11: OP-08 | B11: Recht | C11: Gilt auch hier: nicht kommerziell, privater Gebrauch, Hinweis in der App? | D11: Ja / Nein | E11: Nutzer | F11: 3 | G11: Soll | J11: Offen
A12: OP-09 | B12: Betrieb | C12: Wo läuft die App: GitHub Pages des neuen Repositorys, später Server cloud.aerarium.de? | D12: GitHub Pages im Repository einschalten (Nutzer) | E12: Nutzer | F12: 3 | G12: Soll | J12: In Klärung
A13: OP-10 | B13: Baukasten | C13: Freigabe des Entwurfs „Neue Felder“: Gondelabstand, Träger und Gaszellen, Kiel, Ballonets (MAS-06) | D13: Entwurf als Bild liegt vor | E13: Nutzer | F13: 3 | G13: Soll | J13: Offen
A14: OP-11 | B14: Fahrt | C14: Soll „Höhe halten“ zusätzlich Gas und Ballast nutzen (statt nur Höhenruder und Schub)? | D14: Ja / Nein | E14: Nutzer | F14: 4 | G14: Kann | J14: Offen
A15: OP-12 | B15: Fahrt | C15: Wann kommen Höhensteuerer und Fahrt halten wieder in die Bedienung (FAH-11)? | D15: Später / gar nicht | E15: Nutzer | F15: 4 | G15: Kann | H15: Vorerst ausgeblendet | I15: 14.10.2026 | J15: Zurückgestellt

Sheet Glossar
A1: Glossar
A2: Begriffe der App und des Plans.
A3: Begriff | B3: Erklärung
A4: Starrluftschiff | B4: Luftschiff mit tragendem Gerüst aus Ringen und Längsträgern; Gas in Zellen, Form unabhängig vom Gasdruck.
A5: Halbstarr | B5: Prallhülle mit tragendem Kiel (z. B. Norge, Zeppelin NT mit Innengerüst).
A6: Blimp / Prallluftschiff | B6: Form wird allein durch Überdruck gehalten; Ballonets gleichen Volumenänderungen aus.
A7: Ballonet | B7: Luftsack in der Hülle, mit dem der Überdruck bei Höhenänderung gehalten wird.
A8: Appendix | B8: Offener Füllschlauch unten an der Hülle; über ihn entweicht Gas beim Steigen (wie beim Gasballon).
A9: Prallhöhe | B9: Höhe, in der das Gas die Hülle bzw. Zellen ganz ausfüllt; darüber geht Gas verloren.
A10: Gertler-Form (Series 58) | B10: Familie von Rumpfformen, beschrieben durch ein Polynom 6. Grades mit L/D, m, Cp, r0, r1.
A11: L/D | B11: Schlankheit: Länge durch größten Durchmesser.
A12: m | B12: Lage des größten Durchmessers, bezogen auf die Länge (von der Nase).
A13: Cp | B13: Völligkeitsgrad: Volumen durch Volumen des umschreibenden Zylinders.
A14: r0, r1 | B14: Nasen- und Heckradius, dimensionslos (Radius × L / D²).
... A22: Failsafe | B22: Selbsttätige Rückkehr oder Landung, wenn eine Grenze erreicht ist (z. B. Restenergie).

Sheet Änderungen
A1: Änderungen
A2: Versionen dieses Plans.
A3: Version | B3: Datum | C3: Änderung | D3: Von
A4: 0.1 | B4: 13.10.2026 | C4: Erste Fassung aus den Vereinbarungen im Chat „Luftschiff_Simulator“: Stichpunkte des Nutzers als Fahrplan der Entscheidungen, feste Auswahl (9 Modelle), Gertler-Formen mit spitzem Heck, Leitwerk vorerst nach Burgess, Vorschläge mit freier Abweichung, Eckdaten immer sichtbar, Speicher-Code, 3D-Vorschau, RC-Blimps und autonome Schiffe, Fahrt mit Assistenten und Missionsplanung, Wetter ruhig/mittel/extrem und historisches Datum, Zeitraffer bis ×1000, Seitenansicht unter 100 m. | D4: Claude
A5: 0.2 | B5: 14.10.2026 | C5: Anforderungen vom 13./14.10. ergänzt: Motorregel (Paare, ungerade mittig, Motorpaar hintereinander), Lage von Motorgondeln/Tanks/Leitwerk, Leitwerk bis 8 Flossen, Trimm und Trimmwiderstand, Gondel nach Seitenriss mit Cockpitfenstern, Schnittansicht, Gondelleinen 25–75 %, Speicher-Code zukunftssicher, Erbauer; Fahrt: Zeitraffer ×1/Boost/Drosselung, exponentieller Schub, mehrere gespeicherte Fahrten, Ende-Abfrage, minimierbare Konsole, Anzeigen mit Fliegerbegriffen, Beschleunigungsbalken, Vertikalprofil, Fahrtbericht mit Orten, CO₂ und als Bild. Status aller Anforderungen nach Build 2026-10-14.6; offene Punkte OP-01 bis OP-04 entschieden, OP-10 bis OP-12 neu; Modelle nach Festlegung; Tests T-13 bis T-17. | D5: Claude
